{"accuracy": [0.38535529375076294, 0.33662620186805725], "loss": [0.031079217791557312, 0.03046938218176365], "val_accuracy": [0.2971653342247009, 0.22358843684196472], "val_loss": [0.03891013562679291, 0.038656868040561676], "learning_rate": [0.0010000000474974513, 0.0010000000474974513]}