accuracy,loss,val_accuracy,val_loss,learning_rate
0.38535529375076294,0.031079217791557312,0.2971653342247009,0.03891013562679291,0.0010000000474974513
0.33662620186805725,0.03046938218176365,0.22358843684196472,0.038656868040561676,0.0010000000474974513
