loss,mae,val_loss,val_mae
0.0024389768950641155,0.017513630911707878,0.0004212581552565098,0.015057205222547054
0.0001735482073854655,0.009126434102654457,0.00034564072848297656,0.014169061556458473
0.00014881682000122964,0.00857932586222887,0.0002684459905140102,0.012571767903864384
0.0001338887377642095,0.008119032718241215,0.0003635147004388273,0.014925871975719929
0.0001277829142054543,0.0079024787992239,0.004182472359389067,0.06225397065281868
0.00013127380225341767,0.007909616455435753,0.00047236672253347933,0.016932258382439613
0.00012075510312570259,0.007615181151777506,0.0003915101115126163,0.01596210151910782
0.00011121774150524288,0.00718071311712265,0.00048609485384076834,0.017453039065003395
