{"accuracy": [0.4597841501235962, 0.41798970103263855, 0.4435316324234009, 0.44982776045799255, 0.48746421933174133, 0.44889727234840393, 0.4611130952835083, 0.4480040967464447, 0.4400937855243683, 0.44204431772232056, 0.4858047366142273, 0.45142433047294617, 0.43798673152923584, 0.41190123558044434, 0.40849074721336365, 0.4067353904247284, 0.40870949625968933, 0.40960291028022766, 0.40895581245422363, 0.40134286880493164, 0.3987686038017273, 0.39839932322502136, 0.39262357354164124, 0.38783276081085205, 0.4025430679321289, 0.39675915241241455], "loss": [1.0900448560714722, 1.083214282989502, 1.0757887363433838, 1.0858289003372192, 1.0735100507736206, 1.0667078495025635, 1.063913345336914, 1.0597648620605469, 1.0598214864730835, 1.0609159469604492, 1.0719048976898193, 1.056921362876892, 1.0526342391967773, 1.0490292310714722, 1.046180009841919, 1.0456478595733643, 1.0410947799682617, 1.0387014150619507, 1.0358974933624268, 1.0343544483184814, 1.0309271812438965, 1.029584527015686, 1.0286046266555786, 1.0274027585983276, 1.0274055004119873, 1.0273158550262451], "val_accuracy": [0.3818405866622925, 0.24588386714458466, 0.2052682638168335, 0.3055109977722168, 0.2193046510219574, 0.2834486663341522, 0.14417517185211182, 0.2663521468639374, 0.2372257113456726, 0.3118145763874054, 0.21659262478351593, 0.25663110613822937, 0.2723807990550995, 0.2358880192041397, 0.24180671572685242, 0.2589857876300812, 0.2525447607040405, 0.2608274221420288, 0.2491273432970047, 0.24525180459022522, 0.24512343108654022, 0.24741396307945251, 0.2536625862121582, 0.24610377848148346, 0.25090476870536804, 0.2546337842941284], "val_loss": [1.364365577697754, 1.358739972114563, 1.3447319269180298, 1.3513935804367065, 1.3346062898635864, 1.3437025547027588, 1.3520992994308472, 1.3149888515472412, 1.317687749862671, 1.367775797843933, 1.3234306573867798, 1.312567949295044, 1.310874581336975, 1.3083256483078003, 1.3084348440170288, 1.3082433938980103, 1.3116776943206787, 1.3084325790405273, 1.3088804483413696, 1.3075745105743408, 1.312573790550232, 1.3105829954147339, 1.3103524446487427, 1.3134427070617676, 1.3131510019302368, 1.3116885423660278], "learning_rate": [0.0010000000474974513, 0.0010000000474974513, 0.0010000000474974513, 0.0010000000474974513, 0.0010000000474974513, 0.0010000000474974513, 0.0010000000474974513, 0.0010000000474974513, 0.0010000000474974513, 0.0010000000474974513, 0.0010000000474974513, 0.0005000000237487257, 0.0005000000237487257, 0.0005000000237487257, 0.0005000000237487257, 0.0005000000237487257, 0.0005000000237487257, 0.0002500000118743628, 0.0002500000118743628, 0.0002500000118743628, 0.0002500000118743628, 0.0002500000118743628, 0.0002500000118743628, 0.0001250000059371814, 0.0001250000059371814, 0.0001250000059371814]}