{"accuracy": [0.4730357527732849, 0.46412524580955505], "loss": [1.0883859395980835, 1.085654854774475], "val_accuracy": [0.18097023665905, 0.17078199982643127], "val_loss": [1.3664172887802124, 1.3608375787734985], "learning_rate": [0.0010000000474974513, 0.0010000000474974513]}