accuracy,loss,val_accuracy,val_loss,learning_rate
0.4730357527732849,1.0883859395980835,0.18097023665905,1.3664172887802124,0.0010000000474974513
0.46412524580955505,1.085654854774475,0.17078199982643127,1.3608375787734985,0.0010000000474974513
