{"accuracy": [0.3832532465457916, 0.287504643201828], "loss": [3.525608539581299, 3.2091448307037354], "val_accuracy": [0.012781902216374874, 0.012659262865781784], "val_loss": [3.7873635292053223, 3.7864322662353516], "learning_rate": [0.0010000000474974513, 0.0010000000474974513]}