accuracy,loss,val_accuracy,val_loss,learning_rate
0.340469628572464,0.9914367198944092,0.3331383466720581,0.9397333264350891,0.0010000000474974513
0.33632412552833557,0.9814147353172302,0.33481696248054504,0.9282264113426208,0.0010000000474974513
