{"accuracy": [0.9828339219093323, 0.9869205951690674, 0.9869205951690674, 0.9869205951690674, 0.9869205951690674, 0.9869205951690674, 0.9869205951690674, 0.9869205951690674, 0.9869205951690674, 0.9869205951690674, 0.9869205951690674, 0.9869205951690674, 0.9869205951690674, 0.9869205951690674, 0.9869205951690674, 0.9869205951690674, 0.9869205951690674, 0.9869205951690674, 0.9869205951690674, 0.9869205951690674, 0.9869205951690674, 0.9869205951690674, 0.9869205951690674, 0.9869205951690674, 0.9869205951690674, 0.9869205951690674, 0.9869205951690674, 0.9869205951690674, 0.9869205951690674, 0.9869205951690674, 0.9869205951690674, 0.9869205951690674, 0.9869205951690674], "loss": [0.100186288356781, 0.0826551765203476, 0.08101286739110947, 0.08003019541501999, 0.07925102859735489, 0.07850421965122223, 0.07826224714517593, 0.07772217690944672, 0.07797126471996307, 0.07755810767412186, 0.07744185626506805, 0.07715074717998505, 0.0773303285241127, 0.07709560543298721, 0.07696427404880524, 0.07682304084300995, 0.07631482928991318, 0.07615739852190018, 0.07615204900503159, 0.07604467123746872, 0.07581562548875809, 0.07572273164987564, 0.0756010189652443, 0.075497105717659, 0.07545792311429977, 0.07485844939947128, 0.07470101863145828, 0.074550561606884, 0.07437552511692047, 0.07426625490188599, 0.07408274710178375, 0.07380969077348709, 0.07347533851861954], "val_accuracy": [0.9816258549690247, 0.9816258549690247, 0.9816258549690247, 0.9816258549690247, 0.9816258549690247, 0.9816258549690247, 0.9816258549690247, 0.9816258549690247, 0.9816258549690247, 0.9816258549690247, 0.9816258549690247, 0.9816258549690247, 0.9816258549690247, 0.9816258549690247, 0.9816258549690247, 0.9816258549690247, 0.9816258549690247, 0.9816258549690247, 0.9816258549690247, 0.9816258549690247, 0.9816258549690247, 0.9816258549690247, 0.9816258549690247, 0.9816258549690247, 0.9816258549690247, 0.9816258549690247, 0.9816258549690247, 0.9816258549690247, 0.9816258549690247, 0.9816258549690247, 0.9816258549690247, 0.9816258549690247, 0.9816258549690247], "val_loss": [0.10584698617458344, 0.1027294173836708, 0.102963387966156, 0.10409024357795715, 0.10200842469930649, 0.10225335508584976, 0.10196036100387573, 0.10463035851716995, 0.10135597735643387, 0.10133551806211472, 0.10163214802742004, 0.10273334383964539, 0.10186783224344254, 0.10189983993768692, 0.10148228704929352, 0.10155422240495682, 0.1012006625533104, 0.10104093700647354, 0.10108453780412674, 0.10140716284513474, 0.10138338804244995, 0.10147324949502945, 0.10160987079143524, 0.10166996717453003, 0.10134486854076385, 0.10177205502986908, 0.101859450340271, 0.10192200541496277, 0.10239527374505997, 0.10233310610055923, 0.10251893848180771, 0.10320208221673965, 0.10339310765266418], "learning_rate": [0.0010000000474974513, 0.0010000000474974513, 0.0010000000474974513, 0.0010000000474974513, 0.0010000000474974513, 0.0010000000474974513, 0.0010000000474974513, 0.0010000000474974513, 0.0010000000474974513, 0.0010000000474974513, 0.0010000000474974513, 0.0010000000474974513, 0.0010000000474974513, 0.0010000000474974513, 0.0010000000474974513, 0.0010000000474974513, 0.0005000000237487257, 0.0005000000237487257, 0.0005000000237487257, 0.0005000000237487257, 0.0005000000237487257, 0.0005000000237487257, 0.0005000000237487257, 0.0005000000237487257, 0.0005000000237487257, 0.0002500000118743628, 0.0002500000118743628, 0.0002500000118743628, 0.0002500000118743628, 0.0002500000118743628, 0.0002500000118743628, 0.0002500000118743628, 0.0001250000059371814]}