{"accuracy": [0.4864519536495209, 0.40573087334632874, 0.42182251811027527, 0.42991453409194946, 0.41941848397254944, 0.5001022219657898, 0.5056871771812439, 0.47978106141090393, 0.4632139503955841, 0.4526795744895935, 0.42908775806427, 0.42260661721229553, 0.41089650988578796, 0.415048211812973, 0.4142567217350006, 0.4018530249595642, 0.4006292521953583, 0.3805385231971741, 0.3849714398384094, 0.39547547698020935, 0.3808259069919586, 0.3963547945022583, 0.39752766489982605, 0.3976290225982666, 0.3873521387577057], "loss": [1.0913842916488647, 1.081313967704773, 1.0738054513931274, 1.0725016593933105, 1.0717910528182983, 1.0849065780639648, 1.0703694820404053, 1.0628105401992798, 1.0618866682052612, 1.0582046508789062, 1.0588902235031128, 1.0527420043945312, 1.0523329973220825, 1.0490061044692993, 1.045175552368164, 1.0445365905761719, 1.0434112548828125, 1.0430415868759155, 1.0410189628601074, 1.035549283027649, 1.0363166332244873, 1.035933494567871, 1.0262236595153809, 1.024423599243164, 1.0215848684310913], "val_accuracy": [0.4981997013092041, 0.22598378360271454, 0.2018965184688568, 0.22237396240234375, 0.16664069890975952, 0.29830044507980347, 0.172660231590271, 0.2381693571805954, 0.21504424512386322, 0.25190338492393494, 0.22793526947498322, 0.28708598017692566, 0.28494203090667725, 0.24403318762779236, 0.25452375411987305, 0.2759723663330078, 0.23778462409973145, 0.2825140953063965, 0.28546425700187683, 0.222795307636261, 0.3011865019798279, 0.31314319372177124, 0.30180034041404724, 0.32000550627708435, 0.30329373478889465], "val_loss": [1.3716241121292114, 1.3549458980560303, 1.347581386566162, 1.3445262908935547, 1.402189016342163, 1.3555114269256592, 1.3350305557250977, 1.3238046169281006, 1.3264726400375366, 1.3193470239639282, 1.3204821348190308, 1.3190292119979858, 1.3089699745178223, 1.3125864267349243, 1.3079051971435547, 1.3071867227554321, 1.3117432594299316, 1.3275713920593262, 1.305142879486084, 1.3143094778060913, 1.3066604137420654, 1.3130747079849243, 1.3058404922485352, 1.3088915348052979, 1.309459924697876], "learning_rate": [0.0010000000474974513, 0.0010000000474974513, 0.0010000000474974513, 0.0010000000474974513, 0.0010000000474974513, 0.0010000000474974513, 0.0010000000474974513, 0.0010000000474974513, 0.0010000000474974513, 0.0010000000474974513, 0.0010000000474974513, 0.0010000000474974513, 0.0010000000474974513, 0.0010000000474974513, 0.0010000000474974513, 0.0010000000474974513, 0.0010000000474974513, 0.0010000000474974513, 0.0010000000474974513, 0.0010000000474974513, 0.0010000000474974513, 0.0010000000474974513, 0.0005000000237487257, 0.0005000000237487257, 0.0005000000237487257]}