{"accuracy": [0.38557854294776917, 0.3411756157875061, 0.33307021856307983, 0.3353230953216553, 0.3389374911785126, 0.35126593708992004, 0.3757636249065399], "loss": [0.03104582242667675, 0.03049907274544239, 0.030222630128264427, 0.029812538996338844, 0.02916356548666954, 0.027061106637120247, 0.024855565279722214], "val_accuracy": [0.29761651158332825, 0.25678807497024536, 0.23677712678909302, 0.2498246282339096, 0.2577996850013733, 0.2592443823814392, 0.3029986321926117], "val_loss": [0.03886723518371582, 0.038670167326927185, 0.0386926606297493, 0.039478421211242676, 0.042209990322589874, 0.04808780178427696, 0.05562550574541092], "learning_rate": [0.0010000000474974513, 0.0010000000474974513, 0.0010000000474974513, 0.0010000000474974513, 0.0010000000474974513, 0.0005000000237487257, 0.0005000000237487257]}