accuracy,loss,val_accuracy,val_loss,learning_rate
0.3413371443748474,0.9911157488822937,0.3283001184463501,0.9437317252159119,0.0010000000474974513
0.33520662784576416,0.9815565943717957,0.32959896326065063,0.9416420459747314,0.0010000000474974513
