{"accuracy": [0.46065762639045715, 0.4043509066104889, 0.4544559419155121, 0.44448769092559814, 0.4404163360595703, 0.4673367142677307, 0.49074772000312805, 0.48099514842033386, 0.46686527132987976, 0.4485609233379364, 0.4510078430175781, 0.44914722442626953, 0.45168644189834595, 0.43991971015930176, 0.441739559173584, 0.4365892708301544, 0.4372125566005707, 0.4335675537586212], "loss": [1.090904951095581, 1.080755591392517, 1.0794689655303955, 1.0720218420028687, 1.0725018978118896, 1.0681380033493042, 1.0596681833267212, 1.056443691253662, 1.0542973279953003, 1.0506788492202759, 1.0453736782073975, 1.0436493158340454, 1.0436843633651733, 1.040187954902649, 1.037243127822876, 1.0355634689331055, 1.0332611799240112, 1.032729983329773], "val_accuracy": [0.20273026823997498, 0.028704935684800148, 0.2651977241039276, 0.10520865768194199, 0.09009117633104324, 0.21629023551940918, 0.25155529379844666, 0.11596500873565674, 0.19879059493541718, 0.21990934014320374, 0.226762592792511, 0.23203082382678986, 0.2165651172399521, 0.19808511435985565, 0.1796967089176178, 0.1776261180639267, 0.17818497121334076, 0.1601814180612564], "val_loss": [1.3626247644424438, 1.3730055093765259, 1.3357439041137695, 1.3635411262512207, 1.3613677024841309, 1.34273362159729, 1.3240776062011719, 1.3576384782791138, 1.3355449438095093, 1.3253540992736816, 1.3233593702316284, 1.3224037885665894, 1.3241486549377441, 1.3323255777359009, 1.3376468420028687, 1.3375054597854614, 1.338070034980774, 1.3537367582321167], "learning_rate": [0.0010000000474974513, 0.0010000000474974513, 0.0010000000474974513, 0.0010000000474974513, 0.0010000000474974513, 0.0010000000474974513, 0.0005000000237487257, 0.0005000000237487257, 0.0005000000237487257, 0.0005000000237487257, 0.0002500000118743628, 0.0002500000118743628, 0.0002500000118743628, 0.0002500000118743628, 0.0002500000118743628, 0.0001250000059371814, 0.0001250000059371814, 0.0001250000059371814]}