accuracy,loss,top_2_accuracy,val_accuracy,val_loss,val_top_2_accuracy
0.9189554452896118,0.3434779942035675,0.9597249627113342,0.9220831394195557,0.32979583740234375,0.9609777927398682
0.9197714328765869,0.3362484276294708,0.9598907828330994,0.9220831394195557,0.3317800462245941,0.9609777927398682
0.9197714328765869,0.3358689248561859,0.9597296714782715,0.9220831394195557,0.332457035779953,0.9609777927398682
0.9197714328765869,0.3355677127838135,0.9599452614784241,0.9220831394195557,0.3316219747066498,0.9611051678657532
0.9197714328765869,0.33537691831588745,0.9600238800048828,0.9220831394195557,0.3321622610092163,0.9609777927398682
0.9197714328765869,0.33536210656166077,0.9599009156227112,0.9220831394195557,0.3323385417461395,0.9609777927398682
