{"accuracy": [0.376385360956192, 0.24555136263370514], "loss": [3.5008044242858887, 3.125849723815918], "val_accuracy": [0.13070113956928253, 0.03549771383404732], "val_loss": [3.7927956581115723, 3.901512861251831], "learning_rate": [0.0010000000474974513, 0.0010000000474974513]}