accuracy,loss,val_accuracy,val_loss,learning_rate
0.376385360956192,3.5008044242858887,0.13070113956928253,3.7927956581115723,0.0010000000474974513
0.24555136263370514,3.125849723815918,0.03549771383404732,3.901512861251831,0.0010000000474974513
