accuracy,loss,val_accuracy,val_loss,learning_rate
0.41312333941459656,1.1002613306045532,0.37386029958724976,1.06986665725708,0.0010000000474974513
0.4379076063632965,1.0856914520263672,0.37674829363822937,1.0258116722106934,0.0010000000474974513
