{"loss": [0.2857520580291748, 0.2591875195503235, 0.2328946739435196, 0.2069215327501297, 0.18432646989822388, 0.15657658874988556, 0.1446049064397812, 0.13625095784664154, 0.12733392417430878], "sparse_categorical_accuracy": [0.932892918586731, 0.9331381916999817, 0.9331367015838623, 0.9331660270690918, 0.9336209297180176, 0.9371592998504639, 0.9403707385063171, 0.9432087540626526, 0.9463056921958923], "val_loss": [0.12181632965803146, 0.12292572855949402, 0.13812844455242157, 0.14561469852924347, 0.1550319790840149, 0.1837538331747055, 0.19254297018051147, 0.18862248957157135, 0.199125736951828], "val_sparse_categorical_accuracy": [0.9816256761550903, 0.9816256761550903, 0.9816256761550903, 0.9814659357070923, 0.9797478914260864, 0.9727472066879272, 0.9710381627082825, 0.9702432155609131, 0.9681870937347412], "learning_rate": [0.0010000000474974513, 0.0010000000474974513, 0.0010000000474974513, 0.0010000000474974513, 0.0010000000474974513, 0.0005000000237487257, 0.0005000000237487257, 0.0005000000237487257, 0.0005000000237487257]}