accuracy,loss,val_accuracy,val_loss
0.4997842013835907,0.7222842574119568,0.4987640678882599,0.6960068345069885
0.49875614047050476,0.7013419270515442,0.49571067094802856,0.6968653798103333
