{"loss": [0.28635066747665405, 0.2636922001838684], "sparse_categorical_accuracy": [0.9327368140220642, 0.9331381916999817], "val_loss": [0.12361833453178406, 0.12063343822956085], "val_sparse_categorical_accuracy": [0.9816256761550903, 0.9816256761550903], "learning_rate": [0.0010000000474974513, 0.0010000000474974513]}