loss,sparse_categorical_accuracy,val_loss,val_sparse_categorical_accuracy,learning_rate
0.28635066747665405,0.9327368140220642,0.12361833453178406,0.9816256761550903,0.0010000000474974513
0.2636922001838684,0.9331381916999817,0.12063343822956085,0.9816256761550903,0.0010000000474974513
