{"accuracy": [0.3845139145851135, 0.2821004390716553, 0.23849867284297943, 0.2418278157711029, 0.23363085091114044, 0.24611179530620575, 0.16699665784835815, 0.20753765106201172, 0.24771207571029663, 0.19949810206890106, 0.24709613621234894, 0.2357047200202942, 0.17469695210456848, 0.12107130885124207, 0.10917643457651138, 0.11998748779296875, 0.11819889396429062], "loss": [3.5208587646484375, 3.2091376781463623, 3.18723464012146, 3.1820614337921143, 3.1803507804870605, 3.1804652214050293, 3.1795718669891357, 3.1792895793914795, 3.179433822631836, 3.1788253784179688, 3.178534507751465, 3.1786768436431885, 3.1795389652252197, 3.180201530456543, 3.1792562007904053, 3.179436206817627, 3.179111957550049], "val_accuracy": [0.15334194898605347, 0.012822783552110195, 0.012672891840338707, 0.1088709831237793, 0.10865301638841629, 0.012672891840338707, 0.012672889977693558, 0.10887101292610168, 0.10887101292610168, 0.10887101292610168, 0.10887101292610168, 0.5627580285072327, 0.012672889977693558, 0.012672889977693558, 0.012672889977693558, 0.014880426228046417, 0.10887101292610168], "val_loss": [3.792602777481079, 3.7880167961120605, 3.7887163162231445, 3.7892870903015137, 3.7934038639068604, 3.788329839706421, 3.788818597793579, 3.7895021438598633, 3.7895689010620117, 3.790085792541504, 3.7901499271392822, 3.7922306060791016, 3.7890625, 3.7888317108154297, 3.7891016006469727, 3.7893030643463135, 3.7897539138793945], "learning_rate": [0.0010000000474974513, 0.0010000000474974513, 0.0010000000474974513, 0.0010000000474974513, 0.0010000000474974513, 0.0010000000474974513, 0.0010000000474974513, 0.0010000000474974513, 0.0010000000474974513, 0.0005000000237487257, 0.0005000000237487257, 0.0005000000237487257, 0.0005000000237487257, 0.0005000000237487257, 0.0005000000237487257, 0.0005000000237487257, 0.0002500000118743628]}