loss,val_loss
0.00441509997472167,0.0016406831564381719
0.00036533051752485335,0.0011283985804766417
0.0003274309856351465,0.000683523656334728
0.0002929408510681242,0.0015707011334598064
0.0002772742882370949,0.0005259964382275939
0.0002639747108332813,0.0005994163220748305
0.0002543604059610516,0.0011070185573771596
0.0002383891842328012,0.0005270778783597052
0.00021754422050435096,0.0008539031259715557
0.0002293398865731433,0.0006141805206425488
