categorical_accuracy,loss,top_2_accuracy,val_categorical_accuracy,val_loss,val_top_2_accuracy
0.39747554063796997,1.0562463998794556,0.7945464849472046,0.4067429006099701,1.0495736598968506,0.8080697059631348
0.39678841829299927,1.0537084341049194,0.7957864999771118,0.40690645575523376,1.0501774549484253,0.8080697059631348
0.3976127505302429,1.0535837411880493,0.7957864999771118,0.4067429006099701,1.0501081943511963,0.8080697059631348
0.39640286564826965,1.0536845922470093,0.7957864999771118,0.4067429006099701,1.0508960485458374,0.8080697059631348
0.3975827097892761,1.0536212921142578,0.7957864999771118,0.4067429006099701,1.0507526397705078,0.8080697059631348
0.39870142936706543,1.0534580945968628,0.7957864999771118,0.4067429006099701,1.0504266023635864,0.8080697059631348
