{"accuracy": [0.37205561995506287, 0.20915386080741882], "loss": [3.4519894123077393, 3.049650192260742], "val_accuracy": [0.053771164268255234, 0.02784629352390766], "val_loss": [3.701961040496826, 3.6116175651550293], "learning_rate": [0.0010000000474974513, 0.0010000000474974513]}