accuracy,loss,val_accuracy,val_loss,learning_rate
0.37205561995506287,3.4519894123077393,0.053771164268255234,3.701961040496826,0.0010000000474974513
0.20915386080741882,3.049650192260742,0.02784629352390766,3.6116175651550293,0.0010000000474974513
