{"accuracy": [0.38381078839302063, 0.30483660101890564], "loss": [3.5139400959014893, 3.211376905441284], "val_accuracy": [0.012632009573280811, 0.012720583006739616], "val_loss": [3.786043882369995, 3.7852745056152344], "learning_rate": [0.0010000000474974513, 0.0010000000474974513]}