accuracy,loss,val_accuracy,val_loss,learning_rate
0.38381078839302063,3.5139400959014893,0.012632009573280811,3.786043882369995,0.0010000000474974513
0.30483660101890564,3.211376905441284,0.012720583006739616,3.7852745056152344,0.0010000000474974513
