{"accuracy": [0.38016238808631897, 0.2766720950603485], "loss": [3.494438886642456, 3.2126824855804443], "val_accuracy": [0.013190709985792637, 0.01381753571331501], "val_loss": [3.788217067718506, 3.7874057292938232], "learning_rate": [0.0010000000474974513, 0.0010000000474974513]}