accuracy,loss,val_accuracy,val_loss,learning_rate
0.38016238808631897,3.494438886642456,0.013190709985792637,3.788217067718506,0.0010000000474974513
0.2766720950603485,3.2126824855804443,0.01381753571331501,3.7874057292938232,0.0010000000474974513
