accuracy,loss,top_2_accuracy,val_accuracy,val_loss,val_top_2_accuracy
0.43913733959198,1.066568374633789,0.7234393358230591,0.4141766130924225,1.0895957946777344,0.7063431739807129
0.4374065101146698,1.0673704147338867,0.7213112115859985,0.4141766130924225,1.0933351516723633,0.7063431739807129
0.4370751976966858,1.0673019886016846,0.7191739082336426,0.4141766130924225,1.0932140350341797,0.7063431739807129
0.43503743410110474,1.0677813291549683,0.718840479850769,0.3355325162410736,1.0962220430374146,0.7063431739807129
0.4352676570415497,1.067731261253357,0.7176651358604431,0.29216647148132324,1.0982551574707031,0.7063431739807129
0.4348898231983185,1.0682399272918701,0.7168024182319641,0.29216647148132324,1.0978052616119385,0.7063431739807129
