{"accuracy": [0.9820223450660706, 0.9869205951690674], "loss": [0.10267343372106552, 0.08234792202711105], "val_accuracy": [0.9816258549690247, 0.9816258549690247], "val_loss": [0.10489458590745926, 0.1052616611123085], "learning_rate": [0.0010000000474974513, 0.0010000000474974513]}