accuracy,loss,val_accuracy,val_loss,learning_rate
0.9820223450660706,0.10267343372106552,0.9816258549690247,0.10489458590745926,0.0010000000474974513
0.9869205951690674,0.08234792202711105,0.9816258549690247,0.1052616611123085,0.0010000000474974513
