accuracy,loss,val_accuracy,val_loss
0.4977724254131317,0.71944659948349,0.5037986636161804,0.6965145468711853
0.5007734894752502,0.7005842328071594,0.49734652042388916,0.6961750984191895
0.5002121329307556,0.7002165913581848,0.5002362728118896,0.6962130665779114
0.5001513957977295,0.7000108957290649,0.49692830443382263,0.6962777972221375
0.4994868040084839,0.6998705863952637,0.49591052532196045,0.6962839961051941
0.49990114569664,0.699786901473999,0.4958197772502899,0.6962292194366455
0.5015390515327454,0.6996262073516846,0.49734652042388916,0.6964106559753418
