accuracy,loss,top_2_accuracy,val_accuracy,val_loss,val_top_2_accuracy
0.9183071255683899,0.34457555413246155,0.9594307541847229,0.9220831394195557,0.3298632502555847,0.9611051678657532
0.9197714328765869,0.3362703323364258,0.9598324298858643,0.9220831394195557,0.3314453363418579,0.9611051678657532
0.9197714328765869,0.3358791172504425,0.9597897529602051,0.9220831394195557,0.3320401608943939,0.9611051678657532
0.9197714328765869,0.3357018828392029,0.9596120715141296,0.9220831394195557,0.33204370737075806,0.9611051678657532
0.9197714328765869,0.3353986144065857,0.9601070284843445,0.9220831394195557,0.3330882489681244,0.9611051678657532
0.9197714328765869,0.3353807032108307,0.9600366353988647,0.9220831394195557,0.33351099491119385,0.9611051678657532
