accuracy,loss,val_accuracy,val_loss,learning_rate
0.3832532465457916,3.525608539581299,0.012781902216374874,3.7873635292053223,0.0010000000474974513
0.287504643201828,3.2091448307037354,0.012659262865781784,3.7864322662353516,0.0010000000474974513
