{"loss": [0.2849496603012085, 0.2592105269432068], "sparse_categorical_accuracy": [0.932955801486969, 0.9331381916999817], "val_loss": [0.11958873271942139, 0.12393543869256973], "val_sparse_categorical_accuracy": [0.9816256761550903, 0.9816256761550903], "learning_rate": [0.0010000000474974513, 0.0010000000474974513]}