loss,sparse_categorical_accuracy,val_loss,val_sparse_categorical_accuracy,learning_rate
0.2849496603012085,0.932955801486969,0.11958873271942139,0.9816256761550903,0.0010000000474974513
0.2592105269432068,0.9331381916999817,0.12393543869256973,0.9816256761550903,0.0010000000474974513
