accuracy,loss,top_2_accuracy,val_accuracy,val_loss,val_top_2_accuracy
0.9197491407394409,0.3417888283729553,0.959911048412323,0.9220831394195557,0.3295259475708008,0.9609777927398682
0.9197714328765869,0.3360832929611206,0.9594606161117554,0.9220831394195557,0.33103328943252563,0.9611051678657532
0.9197714328765869,0.3358163833618164,0.9601513743400574,0.9220831394195557,0.3320186138153076,0.9611051678657532
0.9197714328765869,0.3355555534362793,0.9596405625343323,0.9220831394195557,0.3327564001083374,0.9609777927398682
0.9197714328765869,0.33543869853019714,0.9600887894630432,0.9220831394195557,0.3330906331539154,0.9609777927398682
0.9197714328765869,0.3352559804916382,0.9598842859268188,0.9220831394195557,0.33221256732940674,0.9609777927398682
