loss,mae,val_loss,val_mae
8.697037264937535e-05,0.005944419652223587,0.00018676352920010686,0.010362925939261913
8.495877409586683e-05,0.005836620461195707,0.00018612266285344958,0.010404016822576523
8.232905383920297e-05,0.005680992733687162,0.0001515771000413224,0.00879358034580946
7.942919910419732e-05,0.005539598409086466,0.000139090305310674,0.008108608424663544
8.08455006335862e-05,0.005648531019687653,0.0001755315315676853,0.009551286697387695
8.080475527094677e-05,0.005653070751577616,0.0002450129541102797,0.012396304868161678
8.04112059995532e-05,0.005600338336080313,0.0001461584761273116,0.008561734110116959
7.962369272718206e-05,0.005532422568649054,0.00019816579879261553,0.01099780760705471
7.821922190487385e-05,0.005452195182442665,0.0001717894192552194,0.009864994324743748
