{"accuracy": [0.7895114421844482, 0.8836858868598938, 0.915503978729248, 0.9345523118972778, 0.952233076095581, 0.9624952077865601, 0.9685596823692322, 0.9762075543403625, 0.9842869639396667, 0.9842944145202637, 0.9863615036010742, 0.9866041541099548, 0.9882674813270569], "loss": [0.45655664801597595, 0.2849224805831909, 0.21574164927005768, 0.1653721183538437, 0.12292525172233582, 0.09769359976053238, 0.08089839667081833, 0.06184491515159607, 0.04031863808631897, 0.03957107290625572, 0.035257305949926376, 0.03467477858066559, 0.03058442659676075], "val_accuracy": [0.2777588963508606, 0.1956571489572525, 0.17289844155311584, 0.18160246312618256, 0.08306381106376648, 0.06785469502210617, 0.16648496687412262, 0.052563101053237915, 0.04193505272269249, 0.024948464706540108, 0.04383160173892975, 0.05850015580654144, 0.04720325767993927], "val_loss": [4.430727958679199, 4.383820533752441, 4.1927642822265625, 4.889968395233154, 6.039369106292725, 4.926061153411865, 5.1897101402282715, 6.426907062530518, 5.945275783538818, 6.241466999053955, 6.629917621612549, 6.662543773651123, 6.447290420532227], "learning_rate": [0.0010000000474974513, 0.0010000000474974513, 0.0010000000474974513, 0.0010000000474974513, 0.0010000000474974513, 0.0010000000474974513, 0.0010000000474974513, 0.0010000000474974513, 0.0005000000237487257, 0.0005000000237487257, 0.0005000000237487257, 0.0005000000237487257, 0.0005000000237487257]}